year,code,name,level,region,estimated_births,rate,health_underreporting,estimated_missing,source_table
2022,BR,Brasil,country,,2574556.03,1.3111,0.49209,33755.004109,1.1
2022,Norte,Norte,region,,291167.54,5.1354,0.70803,14952.617849,1.1
2022,RO,Rondônia,state,Norte,24933.41,0.5591,0.26637,139.402695,1.1
2022,AC,Acre,state,Norte,14641.37,4.6811,1.02705,685.377171,1.1
2022,AM,Amazonas,state,Norte,72937.53,6.483,0.59439,4728.54007,1.1
2022,RR,Roraima,state,Norte,13420.24,14.2936,2.45332,1918.235425,1.1
2022,PA,Pará,state,Norte,128460.13,4.4178,0.53645,5675.111623,1.1
2022,AP,Amapá,state,Norte,14085.58,9.5174,2.10555,1340.580991,1.1
2022,TO,Tocantins,state,Norte,22689.27,2.0506,0.42432,465.266171,1.1
2022,Nordeste,Nordeste,region,,714317.23,1.6627,0.7938,11876.952583,1.1
2022,MA,Maranhão,state,Nordeste,99074.08,3.3027,1.12247,3272.11964,1.1
2022,PI,Piauí,state,Nordeste,42594.98,2.0894,1.00241,889.979512,1.1
2022,CE,Ceará,state,Nordeste,113557.21,1.7693,1.15379,2009.167717,1.1
2022,RN,Rio Grande do Norte,state,Nordeste,40334.82,1.0284,0.6516,414.803289,1.1
2022,PB,Paraíba,state,Nordeste,50926.18,2.2939,0.63854,1168.195643,1.1
2022,PE,Pernambuco,state,Nordeste,118542.23,1.8392,0.76785,2180.228694,1.1
2022,AL,Alagoas,state,Nordeste,45816.44,0.8435,0.57717,386.461671,1.1
2022,SE,Sergipe,state,Nordeste,28455.08,1.4552,0.26036,414.078324,1.1
2022,BA,Bahia,state,Nordeste,175016.2,0.6526,0.56235,1142.155721,1.1
2022,Sudeste,Sudeste,region,,982971.73,0.3502,0.30619,3442.366998,1.1
2022,MG,Minas Gerais,state,Sudeste,236207.98,0.3044,0.37339,719.017091,1.1
2022,ES,Espírito Santo,state,Sudeste,52078.44,0.6844,0.6153,356.424843,1.1
2022,RJ,Rio de Janeiro,state,Sudeste,181179.17,0.7193,0.46427,1303.22177,1.1
2022,SP,São Paulo,state,Sudeste,513506.15,0.2072,0.18815,1063.984743,1.1
2022,Sul,Sul,region,,360588.77,0.2121,0.22069,764.808781,1.1
2022,PR,Paraná,state,Sul,140950.65,0.1679,0.24594,236.656141,1.1
2022,SC,Santa Catarina,state,Sul,98534.7,0.2027,0.3072,199.729837,1.1
2022,RS,Rio Grande do Sul,state,Sul,121103.43,0.2712,0.12091,328.432502,1.1
2022,Centro-Oeste,Centro-Oeste,region,,225403.76,1.2053,0.45463,2716.791519,1.1
2022,MS,Mato Grosso do Sul,state,Centro-Oeste,40647.47,0.8253,0.35297,335.46357,1.1
2022,MT,Mato Grosso,state,Centro-Oeste,58451.88,1.7106,0.47711,999.877859,1.1
2022,GO,Goiás,state,Centro-Oeste,90330.88,1.4235,0.46814,1285.860077,1.1
2022,DF,DF,state,Centro-Oeste,35973.53,0.2655,0.49905,95.509722,1.1
2022,IGN,Ignorado,unknown,,107,0,,0.0,1.1
2023,BR,Brasil,country,,2548631.19,1.0496,0.43436,26750.43297,1.1
2023,Norte,Norte,region,,285815.23,3.7333,0.58193,10670.339982,1.1
2023,RO,Rondônia,state,Norte,23985.51,0.5525,0.33566,132.519943,1.1
2023,AC,Acre,state,Norte,14635.46,3.2965,1.13054,482.457939,1.1
2023,AM,Amazonas,state,Norte,70823.92,4.8965,0.54489,3467.893243,1.1
2023,RR,Roraima,state,Norte,13407.12,12.6136,2.23103,1691.120488,1.1
2023,PA,Pará,state,Norte,126400.91,2.9659,0.35198,3748.92459,1.1
2023,AP,Amapá,state,Norte,13158.37,5.771,0.98315,759.369533,1.1
2023,TO,Tocantins,state,Norte,23403.95,1.6576,0.6749,387.943875,1.1
2023,Nordeste,Nordeste,region,,708303.93,1.4929,0.71225,10574.269371,1.1
2023,MA,Maranhão,state,Nordeste,98158.39,2.9141,0.87755,2860.433643,1.1
2023,PI,Piauí,state,Nordeste,42292.73,1.9571,0.81984,827.711019,1.1
2023,CE,Ceará,state,Nordeste,112125.99,1.4716,0.95071,1650.046069,1.1
2023,RN,Rio Grande do Norte,state,Nordeste,39655.4,0.6768,0.54821,268.387747,1.1
2023,PB,Paraíba,state,Nordeste,51556.8,3.2795,0.50391,1690.805256,1.1
2023,PE,Pernambuco,state,Nordeste,117181.9,1.3269,0.61605,1554.886631,1.1
2023,AL,Alagoas,state,Nordeste,46550.42,0.6819,0.41981,317.427314,1.1
2023,SE,Sergipe,state,Nordeste,28934,1.3859,0.26613,400.996306,1.1
2023,BA,Bahia,state,Nordeste,171848.29,0.5838,0.75607,1003.250317,1.1
2023,Sudeste,Sudeste,region,,968957.12,0.3144,0.26421,3046.401185,1.1
2023,MG,Minas Gerais,state,Sudeste,235197.72,0.3404,0.42888,800.613039,1.1
2023,ES,Espírito Santo,state,Sudeste,52506.76,0.5271,0.60899,276.763132,1.1
2023,RJ,Rio de Janeiro,state,Sudeste,176799.63,0.6146,0.38328,1086.610526,1.1
2023,SP,São Paulo,state,Sudeste,504453,0.1748,0.10982,881.783844,1.1
2023,Sul,Sul,region,,358330.63,0.1902,0.20055,681.544858,1.1
2023,PR,Paraná,state,Sul,140301.88,0.1745,0.33847,244.826781,1.1
2023,SC,Santa Catarina,state,Sul,97005.65,0.2151,0.19757,208.659153,1.1
2023,RS,Rio Grande do Sul,state,Sul,121023.1,0.1885,0.04305,228.128544,1.1
2023,Centro-Oeste,Centro-Oeste,region,,227103.27,0.7826,0.42372,1777.310191,1.1
2023,MS,Mato Grosso do Sul,state,Centro-Oeste,40498.37,0.754,0.65525,305.35771,1.1
2023,MT,Mato Grosso,state,Centro-Oeste,58948.37,1.3662,0.54008,805.352631,1.1
2023,GO,Goiás,state,Centro-Oeste,92262.44,0.6703,0.33972,618.435135,1.1
2023,DF,DF,state,Centro-Oeste,35394.1,0.1359,0.18393,48.100582,1.1
2023,IGN,Ignorado,unknown,,121,0,,0.0,1.1
2024,BR,Brasil,country,,2398633.99,0.9548,0.38885,22902.157337,1.1
2024,Norte,Norte,region,,267335.6,3.528,0.62341,9431.599968,1.1
2024,RO,Rondônia,state,Norte,21929.26,0.4891,1.05459,107.256011,1.1
2024,AC,Acre,state,Norte,13289.66,2.7063,1.20136,359.658069,1.1
2024,AM,Amazonas,state,Norte,66298.29,4.3987,0.58266,2916.262882,1.1
2024,RR,Roraima,state,Norte,12433.73,13.8634,2.73236,1723.737725,1.1
2024,PA,Pará,state,Norte,118673.84,2.8067,0.30827,3330.818667,1.1
2024,AP,Amapá,state,Norte,12516,5.8405,0.95876,730.99698,1.1
2024,TO,Tocantins,state,Norte,22194.81,1.1841,0.28751,262.808745,1.1
2024,Nordeste,Nordeste,region,,670650.23,1.3358,0.5419,8958.545772,1.1
2024,MA,Maranhão,state,Nordeste,92888.78,1.9419,0.7372,1803.807219,1.1
2024,PI,Piauí,state,Nordeste,39778.74,3.9814,0.65547,1583.750754,1.1
2024,CE,Ceará,state,Nordeste,106036.72,1.3483,0.61179,1429.693096,1.1
2024,RN,Rio Grande do Norte,state,Nordeste,36929.43,0.7296,0.90288,269.437121,1.1
2024,PB,Paraíba,state,Nordeste,49534.46,0.5581,0.49755,276.451821,1.1
2024,PE,Pernambuco,state,Nordeste,111674.23,1.1589,0.4954,1294.192651,1.1
2024,AL,Alagoas,state,Nordeste,45315.63,0.5597,0.23309,253.631581,1.1
2024,SE,Sergipe,state,Nordeste,27540.22,3.0981,0.16057,853.223556,1.1
2024,BA,Bahia,state,Nordeste,160952.02,0.7418,0.47034,1193.942084,1.1
2024,Sudeste,Sudeste,region,,907281.51,0.2646,0.30636,2400.666875,1.1
2024,MG,Minas Gerais,state,Sudeste,221047.35,0.2282,0.45617,504.430053,1.1
2024,ES,Espírito Santo,state,Sudeste,50103.74,0.4266,0.34277,213.742555,1.1
2024,RJ,Rio de Janeiro,state,Sudeste,164414.68,0.5788,0.43772,951.632168,1.1
2024,SP,São Paulo,state,Sudeste,471715.73,0.1549,0.1865,730.687666,1.1
2024,Sul,Sul,region,,337370.28,0.2544,0.164,858.269992,1.1
2024,PR,Paraná,state,Sul,131388.43,0.1183,0.28041,155.432513,1.1
2024,SC,Santa Catarina,state,Sul,93926.69,0.4969,0.11679,466.721723,1.1
2024,RS,Rio Grande do Sul,state,Sul,112055.16,0.2108,0.06707,236.212277,1.1
2024,Centro-Oeste,Centro-Oeste,region,,215876.37,0.5801,0.2656,1252.298822,1.1
2024,MS,Mato Grosso do Sul,state,Centro-Oeste,38017.96,0.5759,0.34709,218.945432,1.1
2024,MT,Mato Grosso,state,Centro-Oeste,55565.45,1.1382,0.36614,632.445952,1.1
2024,GO,Goiás,state,Centro-Oeste,89160.95,0.4003,0.24893,356.911283,1.1
2024,DF,DF,state,Centro-Oeste,33132.02,0.1329,0.04836,44.032455,1.1
2024,IGN,Ignorado,unknown,,120,0,,0.0,1.1
